{"area_y":800,"area_x":800,"height_Y":40,"width_X":40,"total":20,"drones":10,"ship":5,"submarine":5,"resourcesTotal":1000,"surveyResources":500,"attackResources":500,"droneSpeed":100,"droneMaxTime":50,"droneMaxLoad":40,"shipSpeed":100,"shipMaxTime":50,"shipMaxLoad":40,"submarineSpeed":100,"submarineMaxTime":50,"submarineMaxLoad":40,"surveyRequirement":1,"roundUpRequirement":2,"attackRequirement":2,"surveyTime":100,"roundUpTime":1000,"attackTime":1000,"surveyUseResrouce":1,"attackUseResrouce":10}