{"area_y":800,"area_x":800,"height_Y":40,"width_X":40,"total":20,"drones":10,"ship":5,"submarine":5,"resourcesTotal":2000,"surveyResources":1000,"attackResources":1000,"droneSpeed":100,"droneMaxTime":35,"droneMaxLoad":40,"shipSpeed":120,"shipMaxTime":60,"shipMaxLoad":80,"submarineSpeed":150,"submarineMaxTime":100,"submarineMaxLoad":200,"surveyRequirement":1,"roundUpRequirement":2,"attackRequirement":2,"surveyTime":100,"roundUpTime":1000,"attackTime":1000,"surveyUseResrouce":1,"attackUseResrouce":10}